slug,institution,short_name,sies_name,type,subtype,is_state,is_cruch,regions,campuses_with_medicina,campus_list,campus_cities,matricula_total_2026,matricula_primer_ano_2026,women_2026,men_2026,pct_women,institutional_accreditation,programme_accreditation,duration_semesters,new_programme_2026,metric_note,source,source_url,source_date,prog_accred_years,prog_accred_from,prog_accred_until,prog_accred_source
universidad-san-sebastian,Universidad San Sebastián,USS,UNIVERSIDAD SAN SEBASTIAN,Universidades Privadas,Universidades Privadas,no,no,Biobío | Los Lagos | Los Ríos | Metropolitana,4,Concepción · Santiago · Valdivia · Sede Patagonia — Puerto Montt,4,2899,422,1752,1147,60.4,ACREDITADA,ACREDITADA,14,no,matrícula total and matrícula de primer año are DIFFERENT metrics; both are 2026 values summed across this institution's campuses,SIES/MINEDUC Matrícula 2026,https://www.mifuturo.cl/wp-content/uploads/2026/07/Matricula_2026_WEB_10_07_2026.zip,2026-07-10,5,15-05-2024,15-05-2029,https://www.cnachile.cl/Paginas/medicina.aspx
universidad-andres-bello,Universidad Andrés Bello,UNAB,UNIVERSIDAD ANDRES BELLO,Universidades Privadas,Universidades Privadas,no,no,Biobío | Metropolitana | Valparaíso,6,Santiago · Viña del Mar · Concepción,3,2362,410,1479,882,62.6,ACREDITADA,ACREDITADA,12 | 14,no,matrícula total and matrícula de primer año are DIFFERENT metrics; both are 2026 values summed across this institution's campuses,SIES/MINEDUC Matrícula 2026,https://www.mifuturo.cl/wp-content/uploads/2026/07/Matricula_2026_WEB_10_07_2026.zip,2026-07-10,5,20-01-2022,20-01-2027,https://www.cnachile.cl/Paginas/medicina.aspx
universidad-de-chile,Universidad de Chile,UChile,UNIVERSIDAD DE CHILE,Universidades CRUCH,Universidades Estatales CRUCH,yes,yes,Metropolitana,1,Santiago,1,1831,226,960,871,52.4,ACREDITADA,NO ACREDITADA,14,no,matrícula total and matrícula de primer año are DIFFERENT metrics; both are 2026 values summed across this institution's campuses,SIES/MINEDUC Matrícula 2026,https://www.mifuturo.cl/wp-content/uploads/2026/07/Matricula_2026_WEB_10_07_2026.zip,2026-07-10,7,16-08-2023,16-08-2030,https://www.cnachile.cl/Paginas/medicina.aspx
universidad-mayor,Universidad Mayor,UMayor,UNIVERSIDAD MAYOR,Universidades Privadas,Universidades Privadas,no,no,La Araucanía | Metropolitana,2,Temuco · Huechuraba,2,1099,148,626,473,57.0,ACREDITADA,ACREDITADA,14,no,matrícula total and matrícula de primer año are DIFFERENT metrics; both are 2026 values summed across this institution's campuses,SIES/MINEDUC Matrícula 2026,https://www.mifuturo.cl/wp-content/uploads/2026/07/Matricula_2026_WEB_10_07_2026.zip,2026-07-10,5,17-06-2026,17-06-2031,https://www.cnachile.cl/Paginas/medicina.aspx
universidad-de-los-andes,Universidad de los Andes,UANDES,UNIVERSIDAD DE LOS ANDES,Universidades CRUCH,Universidades Privadas CRUCH,no,yes,Metropolitana,2,Las Condes,1,905,72,563,342,62.2,ACREDITADA,ACREDITADA,12 | 14,no,matrícula total and matrícula de primer año are DIFFERENT metrics; both are 2026 values summed across this institution's campuses,SIES/MINEDUC Matrícula 2026,https://www.mifuturo.cl/wp-content/uploads/2026/07/Matricula_2026_WEB_10_07_2026.zip,2026-07-10,6,23-02-2022,23-02-2028,https://www.cnachile.cl/Paginas/medicina.aspx
universidad-de-valparaiso,Universidad de Valparaíso,UV,UNIVERSIDAD DE VALPARAISO,Universidades CRUCH,Universidades Estatales CRUCH,yes,yes,Valparaíso,2,Valparaíso · San Felipe,2,897,131,536,361,59.8,ACREDITADA,ACREDITADA,14,no,matrícula total and matrícula de primer año are DIFFERENT metrics; both are 2026 values summed across this institution's campuses,SIES/MINEDUC Matrícula 2026,https://www.mifuturo.cl/wp-content/uploads/2026/07/Matricula_2026_WEB_10_07_2026.zip,2026-07-10,7,09-08-2023,09-08-2030,https://www.cnachile.cl/Paginas/medicina.aspx
universidad-del-alba,Universidad del Alba,UDALBA,UNIVERSIDAD DEL ALBA,Universidades Privadas,Universidades Privadas,no,no,Coquimbo | Metropolitana,2,Providencia · La Serena,2,896,118,555,341,61.9,ACREDITADA,ACREDITADA,14,no,matrícula total and matrícula de primer año are DIFFERENT metrics; both are 2026 values summed across this institution's campuses,SIES/MINEDUC Matrícula 2026,https://www.mifuturo.cl/wp-content/uploads/2026/07/Matricula_2026_WEB_10_07_2026.zip,2026-07-10,3,07-01-2026,07-01-2029,https://www.cnachile.cl/Paginas/medicina.aspx
universidad-autonoma-de-chile,Universidad Autónoma de Chile,UAutónoma,UNIVERSIDAD AUTONOMA DE CHILE,Universidades Privadas,Universidades Privadas,no,no,La Araucanía | Maule | Metropolitana,3,Temuco · Talca · Providencia,3,853,156,542,311,63.5,ACREDITADA,ACREDITADA,14,no,matrícula total and matrícula de primer año are DIFFERENT metrics; both are 2026 values summed across this institution's campuses,SIES/MINEDUC Matrícula 2026,https://www.mifuturo.cl/wp-content/uploads/2026/07/Matricula_2026_WEB_10_07_2026.zip,2026-07-10,4,18-01-2023,18-01-2027,https://www.cnachile.cl/Paginas/medicina.aspx
universidad-de-concepcion,Universidad de Concepción,UdeC,UNIVERSIDAD DE CONCEPCION,Universidades CRUCH,Universidades Privadas CRUCH,no,yes,Biobío,1,Concepción,1,771,104,416,355,54.0,ACREDITADA,ACREDITADA,14,no,matrícula total and matrícula de primer año are DIFFERENT metrics; both are 2026 values summed across this institution's campuses,SIES/MINEDUC Matrícula 2026,https://www.mifuturo.cl/wp-content/uploads/2026/07/Matricula_2026_WEB_10_07_2026.zip,2026-07-10,7,22-06-2023,22-06-2030,https://www.cnachile.cl/Paginas/medicina.aspx
universidad-del-desarrollo,Universidad del Desarrollo,UDD,UNIVERSIDAD DEL DESARROLLO,Universidades Privadas,Universidades Privadas,no,no,Metropolitana,2,Sede Santiago — Las Condes,1,764,111,533,231,69.8,ACREDITADA,ACREDITADA | NO ACREDITADA,12 | 14,no,matrícula total and matrícula de primer año are DIFFERENT metrics; both are 2026 values summed across this institution's campuses,SIES/MINEDUC Matrícula 2026,https://www.mifuturo.cl/wp-content/uploads/2026/07/Matricula_2026_WEB_10_07_2026.zip,2026-07-10,7,20-07-2022,20-07-2029,https://www.cnachile.cl/Paginas/medicina.aspx
pontificia-universidad-catolica-de-chile,Pontificia Universidad Católica de Chile,UC,PONTIFICIA UNIVERSIDAD CATOLICA DE CHILE,Universidades CRUCH,Universidades Privadas CRUCH,no,yes,Metropolitana,1,Santiago,1,745,102,400,345,53.7,ACREDITADA,ACREDITADA,12,no,matrícula total and matrícula de primer año are DIFFERENT metrics; both are 2026 values summed across this institution's campuses,SIES/MINEDUC Matrícula 2026,https://www.mifuturo.cl/wp-content/uploads/2026/07/Matricula_2026_WEB_10_07_2026.zip,2026-07-10,7,21-08-2024,21-08-2031,https://www.cnachile.cl/Paginas/medicina.aspx
universidad-finis-terrae,Universidad Finis Terrae,UFT,UNIVERSIDAD FINIS TERRAE,Universidades Privadas,Universidades Privadas,no,no,Metropolitana,1,Providencia,1,661,95,426,235,64.4,ACREDITADA,ACREDITADA,14,no,matrícula total and matrícula de primer año are DIFFERENT metrics; both are 2026 values summed across this institution's campuses,SIES/MINEDUC Matrícula 2026,https://www.mifuturo.cl/wp-content/uploads/2026/07/Matricula_2026_WEB_10_07_2026.zip,2026-07-10,7,19-08-2026,19-08-2033,https://www.cnachile.cl/Paginas/medicina.aspx
universidad-de-o-higgins,Universidad de O'Higgins,UOH,UNIVERSIDAD DE O'HIGGINS,Universidades CRUCH,Universidades Estatales CRUCH,yes,yes,Lib. Gral. B. O'Higgins,1,Rancagua,1,629,86,377,252,59.9,ACREDITADA,ACREDITADA,14,no,matrícula total and matrícula de primer año are DIFFERENT metrics; both are 2026 values summed across this institution's campuses,SIES/MINEDUC Matrícula 2026,https://www.mifuturo.cl/wp-content/uploads/2026/07/Matricula_2026_WEB_10_07_2026.zip,2026-07-10,4,03-09-2025,03-09-2029,https://www.cnachile.cl/Paginas/medicina.aspx
universidad-de-talca,Universidad de Talca,UTalca,UNIVERSIDAD DE TALCA,Universidades CRUCH,Universidades Estatales CRUCH,yes,yes,Maule,1,Talca,1,620,82,384,236,61.9,ACREDITADA,ACREDITADA,14,no,matrícula total and matrícula de primer año are DIFFERENT metrics; both are 2026 values summed across this institution's campuses,SIES/MINEDUC Matrícula 2026,https://www.mifuturo.cl/wp-content/uploads/2026/07/Matricula_2026_WEB_10_07_2026.zip,2026-07-10,5,20-03-2024,20-03-2029,https://www.cnachile.cl/Paginas/medicina.aspx
universidad-catolica-del-maule,Universidad Católica del Maule,UCM,UNIVERSIDAD CATOLICA DEL MAULE,Universidades CRUCH,Universidades Privadas CRUCH,no,yes,Maule,1,Talca,1,600,81,371,229,61.8,ACREDITADA,ACREDITADA,14,no,matrícula total and matrícula de primer año are DIFFERENT metrics; both are 2026 values summed across this institution's campuses,SIES/MINEDUC Matrícula 2026,https://www.mifuturo.cl/wp-content/uploads/2026/07/Matricula_2026_WEB_10_07_2026.zip,2026-07-10,5,05-10-2022,05-10-2027,https://www.cnachile.cl/Paginas/medicina.aspx
universidad-catolica-de-la-santisima-concepcion,Universidad Católica de la Santísima Concepción,UCSC,UNIVERSIDAD CATOLICA DE LA SANTISIMA CONCEPCION,Universidades CRUCH,Universidades Privadas CRUCH,no,yes,Biobío,1,Concepción,1,591,99,346,245,58.5,ACREDITADA,ACREDITADA,14,no,matrícula total and matrícula de primer año are DIFFERENT metrics; both are 2026 values summed across this institution's campuses,SIES/MINEDUC Matrícula 2026,https://www.mifuturo.cl/wp-content/uploads/2026/07/Matricula_2026_WEB_10_07_2026.zip,2026-07-10,4,13-08-2025,13-08-2029,https://www.cnachile.cl/Paginas/medicina.aspx
universidad-austral-de-chile,Universidad Austral de Chile,UACh,UNIVERSIDAD AUSTRAL DE CHILE,Universidades CRUCH,Universidades Privadas CRUCH,no,yes,Los Ríos,2,Valdivia,1,531,76,301,230,56.7,ACREDITADA,ACREDITADA,14,no,matrícula total and matrícula de primer año are DIFFERENT metrics; both are 2026 values summed across this institution's campuses,SIES/MINEDUC Matrícula 2026,https://www.mifuturo.cl/wp-content/uploads/2026/07/Matricula_2026_WEB_10_07_2026.zip,2026-07-10,5,08-08-2024,08-08-2029,https://www.cnachile.cl/Paginas/medicina.aspx
universidad-de-santiago-de-chile,Universidad de Santiago de Chile,USACH,UNIVERSIDAD DE SANTIAGO DE CHILE,Universidades CRUCH,Universidades Estatales CRUCH,yes,yes,Metropolitana,1,Estación Central,1,525,50,346,179,65.9,ACREDITADA,ACREDITADA,14,no,matrícula total and matrícula de primer año are DIFFERENT metrics; both are 2026 values summed across this institution's campuses,SIES/MINEDUC Matrícula 2026,https://www.mifuturo.cl/wp-content/uploads/2026/07/Matricula_2026_WEB_10_07_2026.zip,2026-07-10,5,06-08-2025,06-08-2030,https://www.cnachile.cl/Paginas/medicina.aspx
universidad-de-la-frontera,Universidad de La Frontera,UFRO,UNIVERSIDAD DE LA FRONTERA,Universidades CRUCH,Universidades Estatales CRUCH,yes,yes,La Araucanía,1,Temuco,1,507,69,288,219,56.8,ACREDITADA,ACREDITADA,14,no,matrícula total and matrícula de primer año are DIFFERENT metrics; both are 2026 values summed across this institution's campuses,SIES/MINEDUC Matrícula 2026,https://www.mifuturo.cl/wp-content/uploads/2026/07/Matricula_2026_WEB_10_07_2026.zip,2026-07-10,6,05-01-2022,05-01-2028,https://www.cnachile.cl/Paginas/medicina.aspx
universidad-diego-portales,Universidad Diego Portales,UDP,UNIVERSIDAD DIEGO PORTALES,Universidades CRUCH,Universidades Privadas CRUCH,no,yes,Metropolitana,1,Santiago,1,476,71,281,195,59.0,ACREDITADA,ACREDITADA,14,no,matrícula total and matrícula de primer año are DIFFERENT metrics; both are 2026 values summed across this institution's campuses,SIES/MINEDUC Matrícula 2026,https://www.mifuturo.cl/wp-content/uploads/2026/07/Matricula_2026_WEB_10_07_2026.zip,2026-07-10,6,15-03-2023,15-03-2029,https://www.cnachile.cl/Paginas/medicina.aspx
universidad-catolica-del-norte,Universidad Católica del Norte,UCN,UNIVERSIDAD CATOLICA DEL NORTE,Universidades CRUCH,Universidades Privadas CRUCH,no,yes,Coquimbo,1,Coquimbo,1,443,62,242,201,54.6,ACREDITADA,ACREDITADA,14,no,matrícula total and matrícula de primer año are DIFFERENT metrics; both are 2026 values summed across this institution's campuses,SIES/MINEDUC Matrícula 2026,https://www.mifuturo.cl/wp-content/uploads/2026/07/Matricula_2026_WEB_10_07_2026.zip,2026-07-10,6,24-07-2024,24-07-2030,https://www.cnachile.cl/Paginas/medicina.aspx
universidad-de-antofagasta,Universidad de Antofagasta,UA,UNIVERSIDAD DE ANTOFAGASTA,Universidades CRUCH,Universidades Estatales CRUCH,yes,yes,Antofagasta,1,Sede Campus Coloso — Antofagasta,1,392,48,235,157,59.9,ACREDITADA,ACREDITADA,14,no,matrícula total and matrícula de primer año are DIFFERENT metrics; both are 2026 values summed across this institution's campuses,SIES/MINEDUC Matrícula 2026,https://www.mifuturo.cl/wp-content/uploads/2026/07/Matricula_2026_WEB_10_07_2026.zip,2026-07-10,5,21-09-2022,21-09-2027,https://www.cnachile.cl/Paginas/medicina.aspx
universidad-de-magallanes,Universidad de Magallanes,UMAG,UNIVERSIDAD DE MAGALLANES,Universidades CRUCH,Universidades Estatales CRUCH,yes,yes,Magallanes,1,Punta Arenas,1,355,51,205,150,57.7,ACREDITADA,ACREDITADA,14,no,matrícula total and matrícula de primer año are DIFFERENT metrics; both are 2026 values summed across this institution's campuses,SIES/MINEDUC Matrícula 2026,https://www.mifuturo.cl/wp-content/uploads/2026/07/Matricula_2026_WEB_10_07_2026.zip,2026-07-10,4,17-08-2022,In progress(*),https://www.cnachile.cl/Paginas/medicina.aspx
universidad-de-atacama,Universidad de Atacama,UDA,UNIVERSIDAD DE ATACAMA,Universidades CRUCH,Universidades Estatales CRUCH,yes,yes,Atacama,1,Copiapó,1,344,54,223,121,64.8,ACREDITADA,ACREDITADA,14,no,matrícula total and matrícula de primer año are DIFFERENT metrics; both are 2026 values summed across this institution's campuses,SIES/MINEDUC Matrícula 2026,https://www.mifuturo.cl/wp-content/uploads/2026/07/Matricula_2026_WEB_10_07_2026.zip,2026-07-10,4,19-08-2026,19-08-2030,https://www.cnachile.cl/Paginas/medicina.aspx
universidad-bernardo-o-higgins,Universidad Bernardo O'Higgins,UBO,UNIVERSIDAD BERNARDO O'HIGGINS,Universidades Privadas,Universidades Privadas,no,no,Metropolitana,1,Santiago,1,342,62,212,130,62.0,ACREDITADA,ACREDITADA,14,no,matrícula total and matrícula de primer año are DIFFERENT metrics; both are 2026 values summed across this institution's campuses,SIES/MINEDUC Matrícula 2026,https://www.mifuturo.cl/wp-content/uploads/2026/07/Matricula_2026_WEB_10_07_2026.zip,2026-07-10,3,11-10-2023,11-10-2026,https://www.cnachile.cl/Paginas/medicina.aspx
universidad-de-tarapaca,Universidad de Tarapacá,UTA,UNIVERSIDAD DE TARAPACA,Universidades CRUCH,Universidades Estatales CRUCH,yes,yes,Arica y Parinacota,1,Arica,1,260,44,157,103,60.4,ACREDITADA,ACREDITADA,14,no,matrícula total and matrícula de primer año are DIFFERENT metrics; both are 2026 values summed across this institution's campuses,SIES/MINEDUC Matrícula 2026,https://www.mifuturo.cl/wp-content/uploads/2026/07/Matricula_2026_WEB_10_07_2026.zip,2026-07-10,5,19-03-2025,19-03-2030,https://www.cnachile.cl/Paginas/medicina.aspx
universidad-catolica-de-temuco,Universidad Católica de Temuco,UCT,UNIVERSIDAD CATOLICA DE TEMUCO,Universidades CRUCH,Universidades Privadas CRUCH,no,yes,La Araucanía,1,Temuco,1,177,60,105,72,59.3,ACREDITADA,NO ACREDITADA,14,no,matrícula total and matrícula de primer año are DIFFERENT metrics; both are 2026 values summed across this institution's campuses,SIES/MINEDUC Matrícula 2026,https://www.mifuturo.cl/wp-content/uploads/2026/07/Matricula_2026_WEB_10_07_2026.zip,2026-07-10,,,,
universidad-del-bio-bio,Universidad del Bío-Bío,UBB,UNIVERSIDAD DEL BIO-BIO,Universidades CRUCH,Universidades Estatales CRUCH,yes,yes,Ñuble,1,Chillán,1,153,48,84,69,54.9,ACREDITADA,NO ACREDITADA,14,no,matrícula total and matrícula de primer año are DIFFERENT metrics; both are 2026 values summed across this institution's campuses,SIES/MINEDUC Matrícula 2026,https://www.mifuturo.cl/wp-content/uploads/2026/07/Matricula_2026_WEB_10_07_2026.zip,2026-07-10,,,,
universidad-central-de-chile,Universidad Central de Chile,UCEN,UNIVERSIDAD CENTRAL DE CHILE,Universidades Privadas,Universidades Privadas,no,no,Metropolitana,1,Santiago,1,147,50,94,53,63.9,ACREDITADA,NO ACREDITADA,14,no,matrícula total and matrícula de primer año are DIFFERENT metrics; both are 2026 values summed across this institution's campuses,SIES/MINEDUC Matrícula 2026,https://www.mifuturo.cl/wp-content/uploads/2026/07/Matricula_2026_WEB_10_07_2026.zip,2026-07-10,3,02-09-2026,02-09-2029,https://www.cnachile.cl/Paginas/medicina.aspx
universidad-de-la-serena,Universidad de La Serena,ULS,UNIVERSIDAD DE LA SERENA,Universidades CRUCH,Universidades Estatales CRUCH,yes,yes,Coquimbo,1,La Serena,1,38,38,22,16,57.9,ACREDITADA,NO ACREDITADA,12,yes,matrícula total and matrícula de primer año are DIFFERENT metrics; both are 2026 values summed across this institution's campuses,SIES/MINEDUC Matrícula 2026,https://www.mifuturo.cl/wp-content/uploads/2026/07/Matricula_2026_WEB_10_07_2026.zip,2026-07-10,,,,
universidad-de-los-lagos,Universidad de Los Lagos,ULagos,UNIVERSIDAD DE LOS LAGOS,Universidades CRUCH,Universidades Estatales CRUCH,yes,yes,Los Lagos,1,Osorno,1,35,35,26,9,74.3,ACREDITADA,NO ACREDITADA,14,yes,matrícula total and matrícula de primer año are DIFFERENT metrics; both are 2026 values summed across this institution's campuses,SIES/MINEDUC Matrícula 2026,https://www.mifuturo.cl/wp-content/uploads/2026/07/Matricula_2026_WEB_10_07_2026.zip,2026-07-10,,,,
