lane,step_no,name,actor,where,requires_presence_in_chile,requires_rut,cost_amount,cost_unit,cost_as_of,duration_days_min,duration_days_max,documents,source_claim_ids
L02,1,"Assemble and apostille the Ukrainian documents (diploma, transcript with hours, study plan, subject programmes, professional habilitation) and have them officially translated into Spanish","Applicant, Ukrainian authorities, translator",Ukraine,False,False,0,none,2026-09-03,30,120,Diploma original apostillado | Concentracion de notas original apostillada | Plan de estudios original apostillado | Programas de estudios | Curriculum Vitae | Habilitacion profesional apostillada | Pasaporte,L02-C08 L02-C09
L02,2,Create a Cuenta Uchile using the passport as identity document,Applicant,online,False,False,0,none,2026-09-03,1,7,Pasaporte,L02-C03 L02-C04
L02,3,"Pay the 2 UTM entry arancel in Chilean pesos from a Chilean bank account or by Banco Santander deposit, in the SAME calendar month as the application",Applicant or a third party resident in Chile,Chile,False,False,2,UTM,"2026-09 (UTM CLP 71.721, so 2 UTM = CLP 143.442)",1,5,Comprobante de pago,L02-C05 L02-C15 L02-C17
L02,4,"Lodge the application in the Ucampus 'Revalidacion de titulo' module: three-step form, all documents as PDF, signed declaracion jurada, payment receipt attached",Applicant,online,False,False,0,none,2026-09-03,1,14,All apostilled and translated documents as PDF | Ficha Declaracion de Solicitud firmada a mano | Comprobante de pago,L02-C03 L02-C05
L02,5,"Attend (or send an apoderado to) the cita to verify the ORIGINAL documents, then official registration - STATUS CONTESTED, may no longer exist",Applicant or a third party holding an apostilled poder notarial,Chile,True,False,0,none,2026-09-03,20,60,"Original apostilled diploma, transcript, study plan and habilitacion | Poder notarial apostillado if a proxy attends",L02-C06 L02-C07 L02-C08
L02,6,Pay 3 UTM and undergo the curricular study at the Faculty of Medicine (70 to 80 per cent equivalence threshold),"Unidad de Revalida, Secretaria de Estudios, Facultad de Medicina",Chile,False,False,3,UTM,2026-09 (CLP 215.163),60,180,Expediente digital,L02-C10 L02-C15 L02-C18
L02,7,Pay 15 UTM for cumplimiento de exigencias and be allocated a place in the monthly exam calendar,Applicant,Chile,False,False,15,UTM,2026-09 (CLP 1.075.815),1,60,Comprobante de pago,L02-C13 L02-C15 L02-C16
L02,8,"Sit the theory exam in person at sede Eloisa Diaz: five parts of 20 MCQ on EUNACOM content, 60 per cent pass, up to three attempts, monthly March to December",Applicant,Chile,True,False,0,none,2026-09-03,30,365,Pasaporte,L02-C11 L02-C13
L02,9,"Sit the ECOE practical examinations in Medicina Interna, Pediatria, Ginecologia y Obstetricia and Cirugia, up to three attempts each, in Spanish",Applicant,Chile,True,False,0,none,2026-09-03,60,540,Pasaporte,L02-C12 L02-C14 L02-C19
L02,10,Prorrector resolves the revalidacion; Oficina de Titulos y Grados issues the diploma; the Registro Civil is notified for the Registro Publico de Profesionales,"Prorrectoria and Oficina de Titulos y Grados, Universidad de Chile",Chile,False,False,52000,CLP,"UNDATED page, retrieved 2026-09-03",15,90,Oficio de aprobacion | Diploma de revalidacion,L02-C15 L02-C18
L04,1,"Assemble and apostille the Ukrainian medical diploma (plus any Ukrainian professional-habilitation document), with an apostille verifiable online","Candidate, via the competent Ukrainian ministry",Ukraine,False,False,0,none,2026-09-03,14,90,диплом лікаря (original or notarised copy) | apostille with online verification | сертифікат лікаря-спеціаліста if Ukraine requires it to practise | passport,L04-C24
L04,2,Obtain an official Spanish translation of every non-Spanish document,Candidate,either,False,False,0,none,2026-09-03,7,30,traducción oficial of the diploma and of any habilitación document,L04-C24
L04,3,Pay the EUNACOM-ST registration fee online via Flow,Candidate,online,False,False,310000,CLP,2025-07-01,1,1,comprobante de pago Flow,L04-C16
L04,4,Book an appointment at reservas.eunacom.cl and formalise the first registration in person at the ASOFAMECH office in Santiago - may be done by an authorised third party with a poder simple,Candidate or an authorised third party (e.g. her son in Chile),Chile,True,False,0,none,2026-09-03,1,30,"passport, or a notarised or apostilled copy | 4x4 cm photo on photographic paper | apostilled diploma, original or notarised copy | Formulario de inscripción, unsigned until the appointment | comprobante de pago",L04-C12 L04-C13 L04-C24
L04,5,Sit the EUNACOM-ST in Chile (next sitting 16 December 2026; registration closes 30 October 2026),Candidate in person,Chile,True,False,0,none,2026-09-03,1,1,the same identity document used at registration | pencil No2 and eraser,L04-C14 L04-C15 L04-C18
L04,6,"Receive the ST result and, if 51 or more, register online for the EUNACOM-SP - the first registration must be for all four etapas",Candidate,online,False,False,720000,CLP,2025-07-01,14,730,photographs of the identity document,L04-C09 L04-C16 L04-C17
L04,7,"Wait for ASOFAMECH to propose the examining school and dates (up to 45 days), then accept within 3 working days; a second rejection withdraws the registration",ASOFAMECH assigns; candidate accepts,online,False,False,0,none,2026-09-03,3,93,,L04-C09
L04,8,"Sit the four EUNACOM-SP etapas in person at the assigned Chilean medical school, all within a maximum of three months",Candidate in person,Chile,True,False,0,none,2026-09-03,30,90,identity document,L04-C09 L04-C14
L04,9,Receive the digital Certificado de Aprobación EUNACOM by email - at this point and only at this point is the title automatically revalidated,ASOFAMECH,online,False,False,0,none,2026-09-03,10,40,"Certificado de Aprobación EUNACOM, indefinite validity",L04-C01 L04-C08 L04-C17
L05,1,"Assemble and legalise the Ukrainian specialty dossier (diploma, specialist certificate, the OFFICIAL training programme, evidence of continuous practice in the specialty)","The applicant, with Ukrainian apostille and a Spanish translator",Ukraine,False,False,0,none,2026-09-03,30,120,titulo de medico cirujano apostillado | certificado de especialista en reumatologia apostillado | certificado de especialista en medicina interna si existe | programa oficial de la formacion de especialista traducido al espanol | certificado de continuidad en el ejercicio de la especialidad | curriculum vitae respaldado,L05-C14
L05,2,"Write to the Superintendencia de Salud (Intendencia de Prestadores) and to CONACEM to confirm in writing that the Ley 20.985 route is open to a doctor still resident abroad, and how such a certificate is recorded in the RNPI",The applicant or an apoderado,online,False,False,0,none,2026-09-03,10,60,consulta escrita,L05-C25 L05-C11 L05-C12
L05,3,"Register online with CONACEM and lodge the Formacion en el Extranjero application for MEDICINA INTERNA, since Reumatologia is gated behind it",The applicant; the CONACEM Comite de Medicina Interna decides equivalence,online,False,False,150000,CLP,2025-09-02,60,240,programa oficial traducido al espanol | certificado de titulo de especialista con legalizaciones o apostilla | declaracion jurada simple | curriculum vitae,L05-C13 L05-C14 L05-C15
L05,4,"Sit the CONACEM written exam in Medicina Interna (multiple choice, Spanish only, 65% pass, up to 3 attempts, scheduled at least twice a year)",The applicant,Chile,True,False,300000,CLP,2025-09-02,30,210,citacion por correo electronico,L05-C14 L05-C15 L05-C17
L05,5,"Sit the CONACEM practical exam in Medicina Interna (three to five half-days with real or simulated patients in a Chilean teaching hospital, Spanish only, up to 2 attempts)",The applicant; the examiner is a professor at an ASOFAMECH medical school,Chile,True,False,450000,CLP,2025-09-02,30,240,,L05-C14 L05-C15 L05-C17
L05,6,Repeat the application and the two exams for REUMATOLOGIA once Medicina Interna is certified,The applicant; the CONACEM Comite de Reumatologia,Chile,True,False,1060000,CLP,2025-09-02,180,540,certificado CONACEM de Medicina Interna | programa oficial de reumatologia traducido al espanol,L05-C13 L05-C15 L05-C16 L05-C17
L05,7,Collect the CONACEM diplomas; under Ley 20.985 the certificate will state that it is valid for the public health sector,The applicant,Chile,True,False,160000,CLP,2025-09-02,15,60,,L05-C12 L05-C15
L05,8,"Obtain a RUN and a Chilean domicile, then inscribe title and specialty in the Registro Nacional de Prestadores Individuales de Salud",The applicant; the Superintendencia de Salud validates with the entidad habilitante,Chile,True,True,0,CLP,2026-03-27,15,90,"formulario en linea con RUN, direccion chilena, region y comuna | certificado CONACEM | documento habilitante (revalidacion) si se sigue la via ordinaria",L05-C01 L05-C02 L05-C03 L05-C04 L05-C08
L05,9,"OPTIONAL, private practice only: sign the FONASA Modalidad de Libre Eleccion convenio","The applicant, via ClaveUnica on the FONASA site",Chile,True,True,0,CLP,2026-07-08,15,90,cedula nacional de identidad vigente o visa de residencia vigente | inscripcion RNPI | iniciacion de actividades SII | cuenta bancaria | patente comercial o profesional del lugar de atencion,L05-C21
L05,10,"OPTIONAL, networking only: apply to SOCHIRE as Socio Adherente, then as Socio Titular once certified",The applicant; the SOCHIRE Directorio,Chile,False,False,0,none,2026-09-03,30,180,fotocopia del titulo de medico cirujano | certificado de especialidad | curriculum vitae actualizado | patrocinio escrito de dos socios titulares,L05-C22
L06,1,Monitor the rolling concurso pages of Chilean medical faculties (Universidad de Chile publishes ~4 posts per month in 30-day windows),candidate,online,False,False,0,none,2026-09-03,1,365,,L06-C09 L06-C10
L06,2,"Apostille the Ukrainian medical diploma, transcript, PhD diploma, доцент certificate and specialty certificate, then obtain an official translation",candidate (Ukrainian authorities + translator),Ukraine,False,False,0,none,UNKNOWN,14,90,диплом лікаря | додаток до диплома | диплом кандидата медичних наук | атестат доцента | сертифікат лікаря-спеціаліста,L06-C01 L06-C08 L06-C18
L06,3,"Submit the application (CV in extenso, sworn declaration, ID document, criminal-record certificate, apostilled titles, recommendation letters) via concurso-academico.uchile.cl or the faculty concursos email",candidate,online,False,False,0,none,2026-09-03,1,30,Currículum Vitae in Extenso (Anexo 1) | Declaración Jurada (Anexo 2) | Cédula de Identidad o Pasaporte | Certificado de antecedentes | títulos apostillados + traducción | cartas de recomendación,L06-C09 L06-C11 L06-C19
L06,4,"Admissibility screening, curricular evaluation and oposición (interview), conducted in person in Santiago or virtually at the faculty's choice, in Spanish",Comisión de Concursos Académicos of the faculty,either,False,False,0,none,2026-09-03,30,120,,L06-C18 L06-C19
L06,5,"If selected, apply for a residencia temporal that permits paid work — filed from OUTSIDE Chile — and evidence compliance with immigration rules before duties begin",candidate + Servicio Nacional de Migraciones,Ukraine,False,False,0,none,UNKNOWN,60,365,contrato o carta de la universidad | pasaporte | títulos legalizados o apostillados,L06-C04 L06-C07
L06,6,Take up the post and undergo jerarquización — the university's evaluation commission assigns the academic rank; no foreign rank is carried over,university evaluation commission,Chile,True,True,0,none,2026-09-03,30,365,antecedentes académicos | publicaciones,L06-C12 L06-C14 L06-C17
L11,1,"Watch the four Universidad de Chile Facultad de Medicina concurso pages plus the Colegio Médico bolsa laboral, weekly",Candidate (from Ukraine),online,False,False,0,none,2026-09-03,1,365,,L11-C01 L11-C13
L11,2,"Assemble the application dossier: CV in extenso (Anexo 1), sworn declaration (Anexo 2), passport copy, criminal-record certificate, apostilled and officially translated diploma, doctorate and specialty certificates, and recommendation letters",Candidate,Ukraine,False,False,0,none,2026-09-03,30,120,Currículum Vitae in Extenso (Anexo N°1) | Declaración Jurada Simple (Anexo N°2) | Pasaporte vigente | Certificado de antecedentes vigente | Título de médico apostillado + traducción oficial | Diploma de кандидат медичних наук apostillado + traducción oficial | Certificado de especialidad apostillado + traducción oficial | Cartas de recomendación,L11-C05 L11-C06
L11,3,"Write to rrhhacademicos.med@uchile.cl and concursos.med@uchile.cl BEFORE applying to confirm passport acceptance, the acceptability of a Ukrainian police-record certificate in place of the Chilean certificado de antecedentes, and at what stage a residence permit becomes mandatory",Candidate,online,False,False,0,none,2026-09-03,3,30,,L11-C04 L11-C06 L11-C23
L11,4,Submit the application through concurso-academico.uchile.cl (or by email for the batch that requires it) inside the 30-day window,Candidate,online,False,False,0,none,2026-09-03,1,30,Full dossier from step 2,L11-C01 L11-C23
L11,5,Admissibility screening and curricular scoring by the Comisión de Concursos (pass mark 600 of 1000),"Comisión de Concursos, Facultad de Medicina, Universidad de Chile",Chile,False,False,0,none,2026-09-03,14,60,,L11-C04 L11-C05
L11,6,"Oposición: deliver a scored teaching presentation on a topic set by the Comisión, in person at Campus Norte or virtually, followed by questions (pass mark 600 of 1000)",Candidate before the Comisión de Concursos,either,False,False,0,none,2026-09-03,1,30,,L11-C07 L11-C08
L11,7,"If awarded: accredit compliance with Chilean immigration rules and take up a contrata contract running to 31 December of the year in course, renewable",Candidate + Universidad de Chile,Chile,True,True,0,none,2026-09-03,30,180,Residence permit / visa,L11-C04
L02,1,"Prepare admissibility documents: apostilled degree, grades, plan, professional authorisation, full programmes, passport, translations, and signed declaration.",Applicant in Ukraine; Ukrainian university/competent authorities; translator,Ukraine,False,False,0,none,2026-09-03,0,0,Apostilled diploma | Apostilled transcript with grading scale | Apostilled curriculum/plan with hours or credits | Apostilled professional-authorisation evidence | Complete course programmes | Passport | Spanish translations | Signed declaration,L02-C06
L02,2,Create Cuenta UChile using passport and enter Ucampus revalidation module; complete the form and upload PDFs.,Applicant,online,False,False,0,none,2026-09-03,1,0,Passport | PDF application documents | Signed declaration,L02-C01 L02-C02
L02,3,Pay filing/admissibility fee and submit. Payment must be in CLP from a Chilean account or Santander deposit; her no-RUT payment reference must be confirmed first.,Applicant or Chile-based payer,either,False,False,2,UTM,2026-09-03 statutory maximum; payment-month UTM controls,1,0,Payment receipt,L02-C05 L02-C10
L02,4,"After admissibility approval, book the original-document verification appointment; attend herself or send an authorised representative with power and the original apostilled documents.",Applicant or mandatario/apoderado; Oficina de Revalidación,Chile,True,False,0,none,2026-09-03,0,0,Original apostilled documents | Notarial power; apostilled/legalised if granted abroad,L02-C03 L02-C04
L02,5,UChile registers and routes the file; the Faculty of Medicine/Unidad de Coordinación Revalidación performs curriculum review and notifies the result.,Oficina de Revalidación; Faculty of Medicine academic unit,Chile,False,False,3,UTM,2026-09-03 statutory maximum,20,0,Verified digital file,L02-C07 L02-C10 L02-C11
L02,6,"If partial equivalence is found, fulfil assigned examinations, final activities, and/or extra curriculum. Examination specifications and 2026 schedule are not publicly verified.",Applicant; Faculty of Medicine,Chile,True,False,15,UTM,2026-09-03 statutory maximum for the set of exams/final activities; additional curriculum can be up to 20 UTM,0,730,Faculty notice of requirements,L02-C08 L02-C09 L02-C10 L02-C11
L02,7,Receive revalidation decision and request the diploma/certificate under UChile's document-issuance procedure.,UChile authority; applicant,either,False,False,0,none,2026-09-03; UChile’s current post-change issuance amount not publicly verified,0,0,Final decision | Diploma/certificate request,L02-C11
L03,1,Identify one qualifying State university that has published its Article 7 procedure and an accredited Medicina programme with graduates.,Applicant,online,False,False,0,none,2026-09-03,0,0,,L03-C04 L03-C11
L03,2,File a single revalidation application with that university's Unidad Coordinadora after its procedure is published; simultaneous applications for the same degree are forbidden.,Applicant and university,online,False,False,0,none,2026-09-03,0,0,Apostilled Ukrainian degree and academic records; translations as required by the future published procedure,L03-C01 L03-C11
L03,3,"If academic requirements are imposed, complete examinations, final activities, or coursework within the regulatory time limits.",Applicant and university,Chile,True,False,0,none,2026-09-03,0,730,,L03-C14
L04,1,Prepare the first-registration documentary bundle,Applicant,Ukraine,False,False,0,none,2026-09-03,0,0,"Valid Ukrainian passport or apostilled copy | Medical diploma/title, apostilled with online verification | Separate professional-habilitation or licence document if required in Ukraine | Official Spanish translations | 4 x 4 cm identification photograph | Completed EUNACOM registration form | Copies of all documents",L04-C03 L04-C09
L04,2,Pay ST fee and formalize first registration through a representative in Santiago,"Applicant and authorized third party, potentially her son",Chile,False,False,310000,CLP,Official fixed-CLP schedule effective 2025-07-01 and still displayed 2026-09-03; reconfirm before payment,0,0,Complete documentary bundle | Written authorization or poder simple | Payment receipt,L04-C08 L04-C10 L04-C12
L04,3,Travel to Chile and sit EUNACOM-ST,Applicant,Chile,True,False,0,none,2026-09-03,1,1,Same passport used for registration | Registration confirmation,L04-C10 L04-C13 L04-C14
L04,4,Receive the EUNACOM-ST result,EUNACOM / ASOFAMECH,online,False,False,0,none,2026-09-03,1,30,Email address registered with EUNACOM,L04-C02 L04-C15
L04,5,"If ST is passed, register and pay for the complete four-stage EUNACOM-SP",Applicant,online,False,False,720000,CLP,Official fixed-CLP schedule effective 2025-07-01 and still displayed 2026-09-03; reconfirm before payment,0,45,Valid ST approval | Passport image | Online registration confirmation,L04-C11 L04-C12 L04-C15
L04,6,Sit the four practical stages assigned by ASOFAMECH,Applicant,Chile,True,False,0,none,2026-09-03,1,730,Passport | School and date assignment notices,L04-C02 L04-C04 L04-C13 L04-C14 L04-C15
L04,7,Receive the full EUNACOM approval certificate and verify reporting to the RNPI,EUNACOM / ASOFAMECH and Superintendencia de Salud,online,False,False,0,none,2026-09-03,0,0,Full ST and SP approval | EUNACOM digital certificate | Passport and any subsequently obtained RUN,L04-C05 L04-C15 L04-C23
L05,1,Obtain legal recognition or revalidation of the foreign medical degree for Chilean practice.,Applicant and the competent recognition/revalidation authority,either,False,False,0,none,UNKNOWN,0,0,Foreign medical degree and recognition/revalidation evidence,L05-C01
L05,2,Apply online to register the legally valid medical title in RNPI; use the prescribed web forms.,Applicant / Superintendencia de Salud,online,False,False,0,none,UNKNOWN — no registration fee published on the procedure page,0,0,Proof of Chilean habilitation through recognition/revalidation | Mandatory web forms,L05-C01 L05-C03 L05-C04
L05,3,"Obtain Chilean RUT, then file CONACEM’s foreign-training specialty application with apostilled/notarized dossier and proof of current practice and ethical standing.",Applicant / CONACEM,online,False,True,230000,CLP,UNDATED,0,0,Chilean RUT | Apostilled/notarized medical and specialty titles | Specialty curriculum/programme | Completion record and marks | Current employment certificate | Ethical-conduct certificate | CV,L05-C07 L05-C08 L05-C10
L05,4,"If CONACEM accepts equivalence, pass the Spanish theoretical and practical examinations and then request RNPI specialty inscription.",Applicant / CONACEM / Superintendencia de Salud,Chile,True,True,300000,CLP,"UNDATED — written exam per attempt; practical exam is additionally CLP 450,000 per attempt",0,0,CONACEM examination eligibility | CONACEM certificate | RNPI specialty forms,L05-C05 L05-C09 L05-C10 L05-C11
L05,5,"For FONASA MLE general-practice or specialist billing, meet EUNACOM/RNPI requirements and separately enter a FONASA convention; enter Rheumatology only once certified and registered.",Applicant / FONASA,online,False,True,0,none,UNKNOWN,0,0,RNPI entry | EUNACOM result if applying as non-specialist | FONASA convention documents | Registered specialty certificate if applying as specialist,L05-C13 L05-C14
L07,1,Build the academic-degree evidence package in Ukraine,"Applicant, dissertation institution, and potentially ENIC Ukraine",Ukraine,False,False,0,none,2026-09-03,0,0,кандидат медичних наук diploma | attestat доцента | dissertation or a stable link to it | official transcript/record and programme information where available | apostilles | Spanish translations | ENIC Ukraine verification/explanatory response if obtainable,L07-C01 L07-C02 L07-C04 L07-C09
L07,2,Apply for reconocimiento of the academic degree to an eligible State university with an affiliated programme,Applicant and selected Chilean State university,online,False,False,2,UTM,2026-09-03,0,30,apostilled degree/certificate | academic record | programme/plan and workload | passport | Spanish translations | thesis or link,L07-C06 L07-C07 L07-C09 L07-C10 L07-C11
L07,3,Academic assessment and decision,Selected Chilean State university,Chile,False,False,3,UTM,2026-09-03,45,0,Complete admissible file,L07-C08 L07-C10 L07-C11
L08,1,"Request fresh originals from Vinnytsia National Medical University and the relevant Ukrainian issuers: medical diploma evidence, transcript with grading scale, curriculum/hours, complete syllabi, кандидат diploma and programme evidence/non-existence letter, доцент certificate, and a separate proof of professional authorisation.",Applicant / issuing Ukrainian institutions,Ukraine,False,False,0,none,UNKNOWN,1,30,Medical diploma | Transcript with marking scale | Curriculum with hours/credits | Complete syllabi | Candidate-of-sciences diploma | Candidate programme documents or official non-existence letter | Associate-professor certificate | Professional-authorisation evidence,L08-C01 L08-C03 L08-C04 L08-C06
L08,2,Apostille every education/science original through МОН; use MFA for the specialty/professional-authorisation document only after confirming its issuer and route.,МОН / MFA Ukraine,Ukraine,False,False,2040,UAH,UNDATED tariff plus 2021 MFA fee,20,30,Education/science originals | Specialty or habilitación document,L08-C06 L08-C07 L08-C09 L08-C10
L08,3,Commission direct Ukrainian-to-Spanish translations only after apostilles are attached; obtain MINREL translation/certification or advance written approval of an alternative translator from the target university.,Applicant / translator / MINREL Chile,either,False,False,0,none,UNKNOWN—MINREL quotes case by case,1,20,Apostilled originals including apostille pages,L08-C12 L08-C13 L08-C14 L08-C15
L08,4,Keep passport as identity evidence; do not apostille the passport or original трудова книжка unless a specific employer gives a compliant alternative instruction.,Applicant,Ukraine,False,False,0,none,UNKNOWN,0,10,Valid passport | Employer/archival experience certificate only if requested,L08-C05 L08-C08
L09,1,"Prepare apostilled, translated degree/medical-authorisation records and create Cuenta Uchile; upload the revalidation file from Ukraine.",Applicant,Ukraine,False,False,2,UTM,UNDATED source; UTM amount stated by Universidad de Chile,0,0,Passport | Apostilled diploma | Apostilled transcript | Apostilled curriculum | Apostilled Ukrainian professional authorisation | Official/certified Spanish translations,L09-C01 L09-C03
L09,2,Have an attorney-in-fact in Chile present originals; arrange the Chilean-account transfer for the UChile entry fee.,Applicant and Chilean representative,either,False,False,2,UTM,UNDATED source; UTM amount stated by Universidad de Chile,20,60,Apostilled/consular-legalized power of attorney | Original academic documents | Payment receipt,L09-C02 L09-C03
L09,3,"Secure either a signed Chilean employment contract or a formal, notarized job offer, then apply in SERMIG as a foreign resident outside Chile.",Applicant and Chilean university/employer,Ukraine,False,False,0,none,2026-09-03; Ukraine-specific amount not established from official public fee page,0,365,Passport valid at least one year | Police certificate not older than 60 days | Contract or formal offer | Employer financial/legal documents | Apostilles and translations,L09-C04 L09-C05 L09-C06 L09-C07 L09-C14 L09-C15
L09,4,"If the son is Chilean or has Residencia Definitiva, compare/apply for family-reunification temporary residence from Ukraine; it permits remunerated work once granted.",Applicant,Ukraine,False,False,0,none,2026-09-03; Ukraine-specific amount not established from official public fee page,0,365,Valid passport | Ukrainian police certificate | Recent photo | Son's Chilean birth certificate or proof of definitive residence | Proof of parent-child relationship,L09-C08 L09-C09 L09-C14 L09-C15
L09,5,"After grant, download the electronic permit, enter Chile within 90 days, and obtain the foreigner identity card/RUN at Registro Civil within 30 days of residence taking effect.",Applicant,Chile,True,False,4270,CLP,2026-01-29,20,30,Electronic residence permit | Passport,L09-C11
L09,6,"Affiliate to health coverage and determine, before payroll, whether the foreign-technician pension exemption can lawfully be used; otherwise arrange normal pension/health deductions.",Applicant and employer/payroll,Chile,True,True,0,none,2026-09-03,0,3,Foreigner identity card/RUN or provisional RUT | Employment contract | Proof of prior Ukrainian social-security affiliation if claiming exemption,L09-C17 L09-C18
L11,1,Monitor current Faculty of Medicine academic competitions,Applicant,online,False,False,0,none,2026-09-03,1,4,Spanish academic CV | apostilled degree and academic-degree certificates | official Spanish translations | passport | reference letters,L11-C01 L11-C02 L11-C03 L11-C04
L11,2,"Monitor public clinical vacancies, but do not apply before residence and credential prerequisites are met",Applicant,online,False,False,0,none,2026-09-03,1,365,Later: Chilean recognition/revalidation evidence | RNPI registration | specialty certification/registration | EUNACOM where required | residence permission,L11-C06 L11-C08 L11-C12 L11-C13
L12,1,"Reject monopoly-only advice and identify a qualifying State university with an accredited, allied medical programme.",Applicant / target university,online,False,False,0,none,2026-09-03,0,0,Ukrainian medical degree information | target programme and institutional accreditation evidence,L12-C01 L12-C02
L12,2,Request written confirmation that the university has an operational post-Decreto-174 intake route for a foreign Médico Cirujano degree before ordering translations or paying an adviser.,Applicant / qualifying university,online,False,False,0,none,2026-09-03,1,30,Scans of degree | transcript | curriculum | passport,L12-C02 L12-C14 L12-C15
L12,3,Use Apostilles where the target institution requires authenticated Ukrainian public documents; do not purchase consular legalisation for Chile solely because a translation agency says it is required.,Applicant / Ukrainian issuing authority,Ukraine,False,False,0,none,2026-09-03,0,0,Degree | transcript | curriculum or certificates as requested,L12-C09 L12-C10
L12,4,"Treat general medical-title revalidation, EUNACOM, health-provider registration, and rheumatology-specialty certification as separate tracks.",Applicant / EUNACOM / Superintendencia / specialty authority,either,True,False,0,none,2026-09-03,0,0,Revalidation or EUNACOM outcome | identity document | specialty evidence,L12-C08 L12-C11 L12-C12 L12-C13
L13,1,A01 — Define a strictly non-clinical job description,Applicant and Chilean medical faculty,online,False,False,0,none,2026-09-03,7,30,"Written duties excluding diagnosis, treatment, clinical supervision and patient contact",L13-C05
L13,2,A02 — Apostille four education credentials,Applicant and Ukrainian Ministry of Education and Science apostille service,Ukraine,False,False,1404,UAH,2026-09-03; 4 × UAH 351,42,56,Medical diploma | Diploma supplement or transcript | PhD diploma | Associate-professor certificate,L13-C02
L13,3,A03 — Translate four credentials into Spanish,Ukrainian translator and notary,Ukraine,False,False,2700,UAH,2026-09-03; 4 × UAH 675,1,7,Four apostilled education credentials,L13-C02
L13,4,A04 — Obtain and apostille Ukrainian criminal-record certificate,Applicant and Ukrainian Ministry of Justice,Ukraine,False,False,610,UAH,2026-09-03,2,28,Police record | Passport,L13-C02 L13-C04
L13,5,A05 — Secure the non-clinical academic offer,Applicant and university,online,False,False,0,none,2026-09-03,30,180,CV | Publication record | Teaching record | Apostilled and translated degrees | Passport | Criminal-record certificate,L13-C06 L13-C08
L13,6,A06 — Apply from Ukraine for residence for remunerated activities,Applicant and Servicio Nacional de Migraciones,online,False,False,85,USD,2026-09-03; converted by SERMIG at CLP 925.25/USD,90,367,Passport | Photograph | Criminal-record certificate | Employment contract or qualifying job offer | Employer legal documents,L13-C04
L13,7,A07 — Travel Vinnytsia to Warsaw,Applicant,Ukraine,False,False,3000,UAH,2026-09-03 route price,1,1,Passport | Residence grant,L13-C03
L13,8,A08 — Fly one-way Warsaw to Santiago,Applicant,either,True,False,603877,CLP,2026-09-03 airfare snapshot,1,2,Passport | Residence grant | Air ticket,L13-C03
L13,9,A09 — Initial accommodation with son,Applicant and son,Chile,True,False,0,CLP,"Assumes family hosting; otherwise CLP 400,000/month",30,30,,L13-C03 L13-C07
L13,10,A10 — Obtain Chilean identity card and RUN,Applicant and Servicio de Registro Civil e Identificación,Chile,True,False,4270,CLP,2026-01-29,20,30,Passport | Residence documentation,L13-C04
L13,11,A11 — Optional clinical-level Spanish programme,Applicant and language provider,online,False,False,2716000,CLP,2026-09-03; optional in Scenario A,365,730,,L13-C11
L13,12,B01 — Reach working clinical Spanish,Applicant and language provider,online,False,False,2716000,CLP,2026-09-03; 380-hour planning basket,365,730,,L13-C11 L13-C13
L13,13,B02 — Apostille medical diploma,Applicant and Ukrainian Ministry of Education and Science apostille service,Ukraine,False,False,351,UAH,2026-09-03,42,56,Medical diploma,L13-C02
L13,14,B03 — Apostille home-country professional-habilitation certificate,Applicant and competent Ukrainian authority,Ukraine,False,False,610,UAH,2026-09-03 budgeted at Justice-apostille rate,2,28,"Certificate showing authority to practise medicine, if separately issued",L13-C02
L13,15,B04 — Translate EUNACOM documents into Spanish,Ukrainian translator and notary,Ukraine,False,False,1350,UAH,2026-09-03; 2 × UAH 675,1,7,Apostilled medical diploma | Apostilled habilitation certificate,L13-C02
L13,16,B05 — Courier originals to her son in Chile,Applicant and Ukrposhta EMS,Ukraine,False,False,27.5,USD,2026-09-03; parcel up to 250 g,10,35,Original apostilled diploma | Original habilitation certificate | Official translations | Written proxy,L13-C03
L13,17,B06 — Proxy formalises first EUNACOM-ST registration,Son as proxy and ASOFAMECH,Chile,False,False,310000,CLP,Fee effective since 2025-07-01,1,3,Passport copy | Original or permitted diploma copy | Apostille | Official translation | Poder simple,L13-C09 L13-C10
L13,18,B07 — Enter Chile as a visa-exempt visitor for examinations,Applicant and Chilean border authority,Chile,True,False,0,USD,Ukrainian visitor table consulted 2026-09-03,0,1,Valid Ukrainian passport | Return/onward travel evidence | Accommodation details,L13-C04
L13,19,B08 — Return bus journey Vinnytsia–Warsaw,Applicant,Ukraine,False,False,6000,UAH,"2026-09-03; two × UAH 3,000",2,2,Passport,L13-C03
L13,20,B09 — Return flight Warsaw–Santiago,Applicant,either,True,False,1008894,CLP,2026-09-03 low end of typical return range,3,5,Passport | Air ticket,L13-C03
L13,21,B10 — Examination-period accommodation with son,Applicant and son,Chile,True,False,0,CLP,"Family-hosting assumption; otherwise budget CLP 400,000/month",90,150,,L13-C03 L13-C12
L13,22,B11 — Sit EUNACOM-ST,Applicant and ASOFAMECH,Chile,True,False,0,CLP,"Included in B06's CLP 310,000",1,15,Passport | Examination confirmation,L13-C10 L13-C13
L13,23,B12 — Register for all four EUNACOM-SP stages after passing ST,Applicant and ASOFAMECH,online,False,False,720000,CLP,Fee effective since 2025-07-01,1,3,Passed EUNACOM-ST record | Passport,L13-C10
L13,24,B13 — Extend visitor status if the examination stay exceeds 90 days,Applicant and Servicio Nacional de Migraciones,online,False,False,100,USD,2026-09-01; SERMIG rate CLP 925.25/USD,7,30,Passport | Tarjeta Única Migratoria | Proof of funds,L13-C04 L13-C12
L13,25,B14 — Complete the four EUNACOM-SP stages and obtain final approval,Applicant and ASOFAMECH practical centres,Chile,True,False,0,CLP,"Included in B12's CLP 720,000",45,145,Passport | SP scheduling confirmations,L13-C09 L13-C10
L13,26,B15 — Secure a clinical-teaching employment offer,Applicant and Chilean medical faculty,online,False,False,0,none,2026-09-03,30,180,EUNACOM approval | CV | Degrees | Teaching record | Proposed clinical duties,L13-C09
L13,27,B16 — Apply from Ukraine for work residence,Applicant and Servicio Nacional de Migraciones,online,False,False,85,USD,2026-09-03; SERMIG rate CLP 925.25/USD,90,367,Passport | Criminal record | Employment contract or qualifying offer | Employer documentation,L13-C04
L13,28,B17 — Relocation bus Vinnytsia–Warsaw,Applicant,Ukraine,False,False,3000,UAH,2026-09-03,1,1,Passport | Residence grant,L13-C03
L13,29,B18 — One-way relocation flight Warsaw–Santiago,Applicant,either,True,False,603877,CLP,2026-09-03 airfare snapshot,1,2,Passport | Residence grant | Ticket,L13-C03
L13,30,B19 — Initial accommodation with son,Applicant and son,Chile,True,False,0,CLP,"Family-hosting assumption; otherwise CLP 400,000/month",30,30,,L13-C03 L13-C12
L13,31,B20 — Obtain identity card and RUN,Applicant and Civil Registry,Chile,True,False,4270,CLP,2026-01-29,20,30,Passport | Residence documentation,L13-C04
L13,32,B21 — Register medical title in RNPI if employer or GES work requires it,Applicant and Superintendencia de Salud,online,False,True,0,CLP,2026-09-03,1,60,RUN | EUNACOM/revalidation evidence | Identity details,L13-C19
L13,33,C01 — Complete the Scenario B medical-habilitation and relocation route,"Applicant, ASOFAMECH, employer and SERMIG",either,True,False,5797371,CLP,2026-09-03 equivalent of all B baseline currencies,700,1450,All documents in B01-B20 | Clinical or general-medicine employment offer instead of a teaching-only offer,L13-C09 L13-C10 L13-C12
L13,34,C02 — Obtain written CONACEM pathway determination before paying,Applicant and CONACEM,online,False,False,0,none,2026-09-03,15,90,Internal Medicine programme with hours | Rheumatology programme with hours | Training certificates | Specialist titles | Employment history,L13-C16 L13-C18
L13,35,C03 — Apostille Internal Medicine and Rheumatology titles,Applicant and Ukrainian Ministry of Education and Science apostille service,Ukraine,False,False,702,UAH,2026-09-03; 2 × UAH 351,42,56,Internal Medicine specialist title | Rheumatology specialist title,L13-C02
L13,36,C04 — Translate two specialty titles,Ukrainian translator and notary,Ukraine,False,False,1350,UAH,2026-09-03; 2 × UAH 675,1,7,Two apostilled specialty titles,L13-C02
L13,37,C05 — Translate detailed specialty programmes,Specialist Spanish translator,Ukraine,False,False,7400,UAH,2026-09-03; assumed 20 pages × UAH 370,5,30,Internal Medicine curriculum | Rheumatology curriculum | Clinical rotation and hour certificates,L13-C02 L13-C16
L13,38,C06 — Apply for Internal Medicine certification,Applicant and CONACEM,online,False,True,230000,CLP,CONACEM tariff consulted 2026-09-03,30,180,General medical habilitation | Foreign training documents | Translated programmes | Identity card,L13-C15
L13,39,C07 — Sit Internal Medicine written examination,Applicant and CONACEM,Chile,True,True,300000,CLP,CONACEM tariff consulted 2026-09-03,1,180,Exam authorisation | Identity card,L13-C15 L13-C18
L13,40,C08 — Sit Internal Medicine practical examination,Applicant and CONACEM clinical centre,Chile,True,True,450000,CLP,CONACEM tariff consulted 2026-09-03,3,180,Passed written examination | Identity card,L13-C15
L13,41,C09 — Register Internal Medicine certification in RNPI,Applicant and Superintendencia de Salud,online,False,True,0,CLP,2026-09-03,1,60,CONACEM certificate | RUN | Medical-title registration,L13-C19
L13,42,C10 — Apply for Rheumatology certification,Applicant and CONACEM,online,False,True,230000,CLP,CONACEM tariff consulted 2026-09-03,30,180,Internal Medicine certification and RNPI entry | Rheumatology training documents | Translated programme,L13-C15 L13-C16
L13,43,C11 — Sit Rheumatology written examination,Applicant and CONACEM,Chile,True,True,300000,CLP,CONACEM tariff consulted 2026-09-03,1,180,Exam authorisation | Identity card,L13-C15 L13-C18
L13,44,C12 — Sit Rheumatology practical examination,Applicant and CONACEM clinical centre,Chile,True,True,450000,CLP,CONACEM tariff consulted 2026-09-03,3,540,Passed written examination | Identity card,L13-C15 L13-C18
L13,45,C13 — Register Rheumatology certification in RNPI,Applicant and Superintendencia de Salud,online,False,True,0,CLP,2026-09-03,1,60,CONACEM Rheumatology certificate | RUN | Medical and Internal Medicine registrations,L13-C19
